module,page,filename,descricao,cover
1,5,1,"Lorem ipsum dolor sit amet, consectetur adipiscing elit, sed do eiusmod tempor",TRUE
1,5,2,"Lorem ipsum dolor sit amet, consectetur adipiscing elit, sed do eiusmod tempor",FALSE
1,5,3,"Lorem ipsum dolor sit amet, consectetur adipiscing elit, sed do eiusmod tempor",FALSE
1,5,4,"Lorem ipsum dolor sit amet, consectetur adipiscing elit, sed do eiusmod tempor",FALSE
1,5,5,"Lorem ipsum dolor sit amet, consectetur adipiscing elit, sed do eiusmod tempor",FALSE
1,5,6,"Lorem ipsum dolor sit amet, consectetur adipiscing elit, sed do eiusmod tempor",FALSE
1,5,7,"Lorem ipsum dolor sit amet, consectetur adipiscing elit, sed do eiusmod tempor",FALSE
8,6,1,"Lorem ipsum dolor sit amet, consectetur adipiscing elit, sed do eiusmod tempor",TRUE
8,6,2,"Lorem ipsum dolor sit amet, consectetur adipiscing elit, sed do eiusmod tempor",FALSE
8,6,3,"Lorem ipsum dolor sit amet, consectetur adipiscing elit, sed do eiusmod tempor",FALSE
8,6,4,"Lorem ipsum dolor sit amet, consectetur adipiscing elit, sed do eiusmod tempor",FALSE
8,6,5,"Lorem ipsum dolor sit amet, consectetur adipiscing elit, sed do eiusmod tempor",FALSE
8,6,6,"Lorem ipsum dolor sit amet, consectetur adipiscing elit, sed do eiusmod tempor",FALSE
9,4,1,"Lorem ipsum dolor sit amet, consectetur adipiscing elit, sed do eiusmod tempor",TRUE
9,4,2,"Lorem ipsum dolor sit amet, consectetur adipiscing elit, sed do eiusmod tempor",FALSE
9,4,3,"Lorem ipsum dolor sit amet, consectetur adipiscing elit, sed do eiusmod tempor",FALSE
9,4,4,"Lorem ipsum dolor sit amet, consectetur adipiscing elit, sed do eiusmod tempor",FALSE
9,4,5,"Lorem ipsum dolor sit amet, consectetur adipiscing elit, sed do eiusmod tempor",FALSE
9,4,6,"Lorem ipsum dolor sit amet, consectetur adipiscing elit, sed do eiusmod tempor",FALSE
9,4,7,"Lorem ipsum dolor sit amet, consectetur adipiscing elit, sed do eiusmod tempor",FALSE
9,4,8,"Lorem ipsum dolor sit amet, consectetur adipiscing elit, sed do eiusmod tempor",FALSE
9,4,9,"Lorem ipsum dolor sit amet, consectetur adipiscing elit, sed do eiusmod tempor",FALSE
9,4,10,"Lorem ipsum dolor sit amet, consectetur adipiscing elit, sed do eiusmod tempor",FALSE
9,4,11,"Lorem ipsum dolor sit amet, consectetur adipiscing elit, sed do eiusmod tempor",FALSE
9,4,12,"Lorem ipsum dolor sit amet, consectetur adipiscing elit, sed do eiusmod tempor",FALSE
9,4,13,"Lorem ipsum dolor sit amet, consectetur adipiscing elit, sed do eiusmod tempor",FALSE